{"cameraMode":{"drawMode":0,"name":"Shaded","section":"Shading Mode"},"sceneLighting":true,"audioPlay":false,"sceneViewState":{"m_AlwaysRefresh":false,"showFog":true,"showSkybox":true,"showFlares":true,"showImageEffects":true,"showParticleSystems":true,"showVisualEffectGraphs":true,"m_FxEnabled":true},"in2DMode":false,"pivot":{"x":0.6367874145507813,"y":4.694122791290283,"z":-4.853791236877441},"rotation":{"x":0.0023289870005100967,"y":-0.5006974339485169,"z":-0.0013467889511957765,"w":-0.8656243085861206},"size":6.887645721435547,"orthographic":false}